{
  "naive_bayes": {
    "accuracy": 0.6766169154228856,
    "classes": [
      "0",
      "1"
    ],
    "confusion_matrix": [
      [
        46,
        43
      ],
      [
        22,
        90
      ]
    ]
  },
  "decision_tree": {
    "accuracy": 0.5970149253731343,
    "classes": [
      "0.0",
      "1.0"
    ],
    "confusion_matrix": [
      [
        13,
        76
      ],
      [
        5,
        107
      ]
    ]
  }
}